dup_group,size,dates
4,15,"2021-01-05, 2021-01-06, 2021-01-12, 2021-01-13, 2021-01-19, 2021-01-20, 2021-01-26, 2021-01-27, 2021-01-31, 2021-03-05, 2021-03-12, 2021-03-19, 2021-03-26, 2021-03-31, 2021-05-30"
1,7,"2021-01-02, 2021-02-05, 2021-03-06, 2021-03-13, 2021-03-20, 2021-03-27, 2021-06-05"
26,6,"2021-02-06, 2021-02-12, 2021-02-13, 2021-02-20, 2021-02-27, 2021-06-12"
45,6,"2021-04-12, 2021-04-13, 2021-04-14, 2021-04-15, 2021-04-16, 2021-05-18"
47,5,"2021-04-21, 2021-04-22, 2021-04-23, 2021-04-30, 2021-05-25"
27,5,"2021-02-07, 2021-02-14, 2021-02-21, 2021-02-28, 2021-06-13"
14,4,"2021-01-18, 2021-02-18, 2021-03-18, 2021-06-18"
11,4,"2021-01-15, 2021-02-15, 2021-03-15, 2021-06-15"
13,4,"2021-01-17, 2021-02-17, 2021-03-17, 2021-06-17"
16,4,"2021-01-22, 2021-02-22, 2021-03-22, 2021-06-22"
3,4,"2021-01-04, 2021-02-04, 2021-03-04, 2021-06-04"
9,4,"2021-01-11, 2021-02-11, 2021-03-11, 2021-06-11"
6,4,"2021-01-08, 2021-02-08, 2021-03-08, 2021-06-08"
19,4,"2021-01-25, 2021-02-25, 2021-03-25, 2021-06-25"
44,4,"2021-04-11, 2021-04-18, 2021-04-25, 2021-05-16"
17,4,"2021-01-23, 2021-02-23, 2021-03-23, 2021-06-23"
18,4,"2021-01-24, 2021-02-24, 2021-03-24, 2021-06-24"
49,3,"2021-04-26, 2021-04-27, 2021-05-27"
50,3,"2021-04-28, 2021-04-29, 2021-05-28"
42,3,"2021-04-09, 2021-05-09, 2021-05-10"
10,3,"2021-01-14, 2021-03-14, 2021-06-14"
29,3,"2021-02-10, 2021-03-10, 2021-06-10"
24,3,"2021-02-02, 2021-03-02, 2021-06-02"
25,3,"2021-02-03, 2021-03-03, 2021-06-03"
28,3,"2021-02-09, 2021-03-09, 2021-06-09"
30,3,"2021-02-16, 2021-03-16, 2021-06-16"
22,3,"2021-01-30, 2021-03-30, 2021-06-30"
23,3,"2021-02-01, 2021-03-01, 2021-06-01"
21,3,"2021-01-29, 2021-03-29, 2021-06-29"
46,3,"2021-04-19, 2021-04-20, 2021-05-24"
37,3,"2021-04-02, 2021-04-06, 2021-05-04"
43,3,"2021-04-10, 2021-04-17, 2021-05-08"
36,3,"2021-04-01, 2021-04-05, 2021-05-03"
15,2,"2021-01-21, 2021-06-21"
5,2,"2021-01-07, 2021-06-07"
2,2,"2021-01-03, 2021-06-06"
20,2,"2021-01-28, 2021-06-28"
32,2,"2021-02-26, 2021-06-26"
31,2,"2021-02-19, 2021-06-19"
38,2,"2021-04-03, 2021-05-01"
39,2,"2021-04-04, 2021-05-02"
40,2,"2021-04-07, 2021-05-06"
41,2,"2021-04-08, 2021-05-07"
48,2,"2021-04-24, 2021-05-22"
94,2,"2021-07-28, 2021-07-30"
