hour,mae,bias,n
0,8.822175159534991,8.209225643475314,92
1,7.240083473166042,0.09069818255260217,92
2,5.770628237144948,-0.6728415454267006,92
3,6.091096630794225,2.3190269465849163,92
4,5.7305130012050185,0.3615568028018226,92
5,9.254665404488437,8.050553518884266,92
6,6.139780607353148,0.957914356272221,92
7,8.991996845303913,1.4810057270388923,92
8,9.489197567926032,-3.140800998072591,92
9,11.397862094773322,-4.846627791692739,92
10,11.095662041608545,-2.3850135750692574,92
11,11.076839099503339,-6.1331078896969755,92
12,12.878138230115793,-2.2497193967102747,92
13,9.609806982835545,-4.644824154610032,92
14,11.064038258421137,-7.7302045219575115,92
15,11.112452705964325,-5.220682019340656,92
16,10.385794634385515,-7.181467494806779,92
17,13.94800138500833,5.017190213792545,92
18,10.888605253626437,-6.642566667233859,92
19,11.444385031858939,-5.380599360526865,92
20,8.246223149150138,2.1967699561676697,92
21,7.294710441044448,-1.6746488694018977,92
22,6.726093749955845,1.9112358832196303,92
23,7.437951894995302,0.9293411436348104,92
