date,dow,mae,top10_hits,top10_hits_within_15min,top10_mae,daily_max_err
2021-08-23,1,15.962818142852589,4,9,19.18346306428485,-14.143208310082343
2021-08-24,2,9.433632173432033,3,7,11.593449135828589,-17.612080143494268
2021-08-25,3,8.752309278818542,5,9,5.039420945667663,4.37568551829753
2021-08-26,4,10.186209098215409,4,8,17.88999703602877,-20.70218909476739
2021-08-27,5,10.074298194351202,7,7,7.181470711060413,2.9165633137981786
2021-08-28,6,15.330533217949005,6,10,12.971899306876779,-21.13595942184017
2021-08-29,7,13.078035354454512,2,4,2.200714465133804,-15.94670167737219
2021-08-30,1,17.862635912696174,5,10,15.880202649107968,-17.226479768852812
2021-08-31,2,9.980937308112592,5,8,5.812389604286693,-5.534109887318266
2021-09-01,3,9.927415504493885,6,9,10.181947689313182,-13.117410688871928
2021-09-02,4,11.504903485048963,4,6,14.942966924925276,-11.739534452275052
2021-09-03,5,7.495664268594958,6,9,2.105544842724922,-4.9631119654884515
2021-09-04,6,8.39294775900032,3,6,12.598688519581845,-16.978409090525446
2021-09-05,7,1.886812697322692,2,3,1.739837332084805,-3.018758251474466
2021-09-06,1,73.96596124859788,5,7,102.40326123930404,-101.54118929549581
2021-09-07,2,44.395824170576304,3,8,25.082449867974827,-24.660979263814284
2021-09-08,3,14.96267642458463,3,3,5.775882136172015,10.548399541226985
2021-09-09,4,9.935155478480322,6,8,10.435221761184142,-13.443178349643347
2021-09-10,5,8.684944573381763,4,8,12.002888128654368,-17.503634051883267
2021-09-11,6,8.2954795125901,5,8,2.691628010609938,-7.290454923581777
2021-09-12,7,1.41945951972222,1,4,1.653865917670349,-3.1134035250946113
2021-09-13,1,80.65216359123467,6,9,113.21814982556502,-106.15873290738276
2021-09-14,2,40.413895728994504,5,7,11.565475776408991,-9.62599738412058
