mae,rmse,nmae,bias,mae_excl_outage,nmae_excl_outage,hourly_mae,daily_max_mae,daily_max_bias,peak_time_hit_1h,peak_thr,peak_pos,precision,recall,f1,fn,fp,fold,model,kind,lookback,n_train_days,n_purged_days,n_scored_days
36.05059523809524,59.71108515574131,0.355261614265603,-0.01488095238095238,36.05059523809524,0.355261614265603,34.92559523809524,50.0,0.0,0.14285714285714285,168.0,123,0.6829268292682927,0.6829268292682927,0.6829268292682927,39,39,07-05,naive_yesterday,point,1d,178,0,7
7.513392857142857,11.12369575019279,0.07404094321914594,1.462797619047619,7.513392857142857,0.07404094321914594,5.9211309523809526,9.714285714285714,5.428571428571429,0.42857142857142855,168.0,123,0.7563025210084033,0.7317073170731707,0.743801652892562,33,29,07-05,naive_lastweek,point,7d,178,0,7
20.74453303339173,25.421452367174812,0.20442758972371014,-5.748441000424698,20.74453303339173,0.20442758972371014,19.988193747677443,32.938272017837235,-18.631458831024048,0.2857142857142857,168.0,123,0.875,0.22764227642276422,0.3612903225806452,95,4,07-05,profile_mean,point,7d,178,0,7
15.052812525016233,24.546598907032642,0.14833836838354802,8.01082683261789,15.052812525016233,0.14833836838354802,13.835542754267522,18.661281188766253,-8.450905154302431,0.2857142857142857,168.0,123,0.8227848101265823,0.5284552845528455,0.6435643564356436,58,14,07-05,random_forest,point,7d,178,0,7
18.226301629181492,30.796966548346624,0.17961160685725544,11.084571016889035,18.226301629181492,0.17961160685725544,16.874297080658028,18.869132960087672,0.2993940441064384,0.2857142857142857,168.0,123,0.813953488372093,0.5691056910569106,0.6698564593301436,53,16,07-05,gbm_1d,point,1d,178,0,7
15.320902661843698,25.88558280634795,0.15098027024810776,8.171462416763918,15.320902661843698,0.15098027024810776,14.144501357154772,17.40199514684596,-6.596830047868575,0.2857142857142857,168.0,123,0.8148148148148148,0.5365853658536586,0.6470588235294118,57,15,07-05,gbm,point,7d,178,0,7
19.746531781288255,29.742932176372047,0.1945927580511747,11.14849678328616,19.746531781288255,0.1945927580511747,18.84405498985299,19.491161013225756,-2.7109154276477088,0.2857142857142857,168.0,123,0.688,0.6991869918699187,0.6935483870967742,37,39,07-05,gbm_q80,risk,7d,178,0,7
51.71875,71.04386430059886,0.5069134505994575,-0.022321428571428572,51.71875,0.5069134505994575,50.59375,52.0,0.0,0.14285714285714285,168.0,131,0.13740458015267176,0.13740458015267176,0.13740458015267176,113,113,07-12,naive_yesterday,point,1d,185,0,7
13.866071428571429,24.193232524819827,0.13590618710072636,-0.5505952380952381,13.866071428571429,0.13590618710072636,12.413690476190476,4.857142857142857,-1.7142857142857142,0.14285714285714285,168.0,131,0.5934959349593496,0.5572519083969466,0.5748031496062992,58,50,07-12,naive_lastweek,point,7d,185,0,7
25.83147783543617,32.45923351040466,0.2531832954904044,-6.060827567494234,25.83147783543617,0.2531832954904044,25.10099325057658,32.6765059015059,-20.206827431827435,0.2857142857142857,168.0,131,0.5294117647058824,0.13740458015267176,0.21818181818181817,113,16,07-12,profile_mean,point,7d,185,0,7
15.186655732830005,24.53023409932758,0.14884969301452355,-0.011406903067821819,15.186655732830005,0.14884969301452355,14.227514436233102,13.055963092675713,-13.055963092675713,0.14285714285714285,168.0,131,0.47674418604651164,0.31297709923664124,0.3778801843317972,90,45,07-12,random_forest,point,7d,185,0,7
17.5251915599263,27.942813271451616,0.17177049573044068,-1.6683558067287418,17.5251915599263,0.17177049573044068,16.441668143299424,10.180963302291818,-9.7608754299203,0.2857142857142857,168.0,131,0.4367816091954023,0.2900763358778626,0.3486238532110092,93,49,07-12,gbm_1d,point,1d,185,0,7
15.011538911018416,24.144550268396717,0.14713331215840228,0.12825100463672492,15.011538911018416,0.14713331215840228,13.914640702691962,14.048011862992,-12.968531466862812,0.14285714285714285,168.0,131,0.5357142857142857,0.4580152671755725,0.49382716049382713,71,52,07-12,gbm,point,7d,185,0,7
17.644377938267294,26.79293762014384,0.17293868286391328,8.654636049921264,17.644377938267294,0.17293868286391328,16.698238538297623,8.750819695303246,-0.6744592974850262,0.2857142857142857,168.0,131,0.56,0.6412213740458015,0.597864768683274,47,66,07-12,gbm_q80,risk,7d,185,0,7
37.58184523809524,64.18663495730912,0.35762330251065577,-0.12648809523809523,37.58184523809524,0.35762330251065577,36.319940476190474,59.0,-0.14285714285714285,0.0,169.0,153,0.7058823529411765,0.7058823529411765,0.7058823529411765,45,45,07-19,naive_yesterday,point,1d,192,0,7
14.745535714285714,25.879384836657334,0.14031634545943725,-3.0610119047619047,14.745535714285714,0.14031634545943725,13.337797619047619,11.571428571428571,-9.857142857142858,0.2857142857142857,169.0,153,0.664,0.5424836601307189,0.5971223021582734,70,42,07-19,naive_lastweek,point,7d,192,0,7
22.352160166773263,27.721793871775816,0.2126998630973482,-8.882551529158672,22.352160166773263,0.2126998630973482,21.9620165416594,43.56204779347637,-30.255925344496777,0.2857142857142857,169.0,153,1.0,0.16993464052287582,0.29050279329608936,127,0,07-19,profile_mean,point,7d,192,0,7
12.968539314913253,19.560092239968927,0.12340670952040819,-2.1518042613021384,12.968539314913253,0.12340670952040819,12.01607281312092,25.94158861146595,-24.484577780965108,0.0,169.0,153,1.0,0.41830065359477125,0.5898617511520737,89,0,07-19,random_forest,point,7d,192,0,7
16.20760042073777,28.954039107670773,0.15422913780619635,5.075015199068464,16.20760042073777,0.15422913780619635,15.07872767525329,23.673554806113884,-11.692571311016422,0.2857142857142857,169.0,153,0.9811320754716981,0.6797385620915033,0.8030888030888031,49,2,07-19,gbm_1d,point,1d,192,0,7
14.34712462449609,22.100852311625,0.13652512422522795,-0.10328008367797145,14.34712462449609,0.13652512422522795,13.309126940016156,24.05383714801112,-23.22945265104258,0.2857142857142857,169.0,153,0.9722222222222222,0.45751633986928103,0.6222222222222222,83,2,07-19,gbm,point,7d,192,0,7
12.111860953303283,16.577891898915635,0.11525468444214455,4.690556806094151,12.111860953303283,0.11525468444214455,11.048015683853846,21.596872467108746,-14.032185173141231,0.14285714285714285,169.0,153,0.8305084745762712,0.6405228758169934,0.7232472324723246,55,20,07-19,gbm_q80,risk,7d,192,0,7
46.060763888888886,72.64787362109553,0.4702993990746813,0.9600694444444444,46.060763888888886,0.4702993990746813,45.50868055555556,63.333333333333336,0.3333333333333333,0.3333333333333333,169.0,135,0.6571428571428571,0.6814814814814815,0.6690909090909091,43,48,07-26,naive_yesterday,point,1d,199,0,6
11.387152777777779,19.10056536394204,0.11626752698846012,2.0086805555555554,11.387152777777779,0.11626752698846012,10.213541666666666,16.0,12.666666666666666,0.0,169.0,135,0.9333333333333333,0.8296296296296296,0.8784313725490196,23,8,07-26,naive_lastweek,point,7d,199,0,6
26.579892646089363,32.3047215397147,0.27139166795149117,-2.511461633632969,26.579892646089363,0.27139166795149117,26.189287430831374,50.649928774928775,-10.114214489214485,0.3333333333333333,169.0,135,0.9666666666666667,0.21481481481481482,0.3515151515151515,106,1,07-26,profile_mean,point,7d,199,0,6
16.089730446650165,25.364460175185595,0.16428278477071764,-2.6170360060732927,16.089730446650165,0.16428278477071764,15.310497771442117,39.229438686102434,-12.220774916230324,0.3333333333333333,169.0,135,0.9506172839506173,0.5703703703703704,0.712962962962963,58,4,07-26,random_forest,point,7d,199,0,6
22.75383874634221,38.57349951418088,0.23232607941242467,11.03262957119096,22.75383874634221,0.23232607941242467,21.67063131972704,36.68195373967841,3.7669055011811152,0.16666666666666666,169.0,135,0.9175257731958762,0.6592592592592592,0.7672413793103446,46,8,07-26,gbm_1d,point,1d,199,0,6
14.318096229566757,22.60006974348472,0.14619366862656571,-0.004879107819588866,14.318096229566757,0.14619366862656571,13.466770882323841,31.891715443322628,-3.1093939657469627,0.5,169.0,135,0.8913043478260869,0.6074074074074074,0.7224669603524229,53,10,07-26,gbm,point,7d,199,0,6
12.857871496672074,20.490008786765042,0.13128417177039184,4.347451284231131,12.857871496672074,0.13128417177039184,11.231107824626513,29.285145726991626,-0.5151086531249914,0.16666666666666666,169.0,135,0.88,0.8148148148148148,0.8461538461538461,25,15,07-26,gbm_q80,risk,7d,199,0,6
1.255952380952381,1.9707685230459135,0.05855418343277369,0.020833333333333332,1.255952380952381,0.05855418343277369,1.0148809523809523,0.5714285714285714,0.2857142857142857,0.0,170.0,0,,,0.0,0,0,08-02,naive_yesterday,point,1d,206,0,7
83.66517857142857,106.55852265304732,3.900582766754544,83.29613095238095,83.66517857142857,3.900582766754544,83.61755952380952,133.71428571428572,133.71428571428572,0.0,170.0,0,0.0,,0.0,0,166,08-02,naive_lastweek,point,7d,206,0,7
75.39173261418233,86.67884707544441,3.514863626802451,75.39173261418233,75.39173261418233,3.514863626802451,75.39173261418233,114.46793468345193,114.46793468345193,0.0,170.0,0,0.0,,0.0,0,27,08-02,profile_mean,point,7d,206,0,7
57.142308536420174,79.39620303615534,2.664051015434602,57.01432890915589,57.142308536420174,2.664051015434602,57.030367617895024,97.95086122938687,97.79049072360878,0.0,170.0,0,0.0,,0.0,0,24,08-02,random_forest,point,7d,206,0,7
41.276850844046045,64.15390614114779,1.924382112335156,39.8843728374026,41.276850844046045,1.924382112335156,41.14145654318649,77.76104748431223,77.76104748431223,0.0,170.0,0,0.0,,0.0,0,24,08-02,gbm_1d,point,1d,206,0,7
54.53959567571104,78.56565290662728,2.5427090532869308,51.90552470774065,54.53959567571104,2.5427090532869308,54.18500736708932,102.3771140235849,102.3771140235849,0.0,170.0,0,0.0,,0.0,0,37,08-02,gbm,point,7d,206,0,7
64.26550689866147,86.22061612907491,2.996144070757632,64.21235740794998,64.26550689866147,2.996144070757632,64.21235740794997,104.56407529109025,104.56407529109025,0.0,170.0,0,0.0,,0.0,0,46,08-02,gbm_q80,risk,7d,206,0,7
38.538690476190474,64.73391048489707,0.3744000462614931,-0.09821428571428571,38.538690476190474,0.3744000462614931,37.23809523809524,62.57142857142857,-0.2857142857142857,0.42857142857142855,169.0,144,0.6666666666666666,0.6666666666666666,0.6666666666666666,48,48,08-09,naive_yesterday,point,1d,213,0,7
81.79464285714286,101.83084421398722,0.7946278841149599,-81.48511904761905,81.79464285714286,0.7946278841149599,81.67559523809524,141.0,-141.0,0.0,169.0,144,,0.0,0.0,144,0,08-09,naive_lastweek,point,7d,213,0,7
22.94221223852908,28.002512530842825,0.22288160851632946,-8.666748098479289,22.94221223852908,0.22288160851632946,22.577451017948892,41.240797787413065,-30.61406967681399,0.7142857142857143,169.0,144,1.0,0.05555555555555555,0.10526315789473684,136,0,08-09,profile_mean,point,7d,213,0,7
62.786412013374395,82.64366440118052,0.6099645647514542,-58.03818049482847,62.786412013374395,0.6099645647514542,62.402232148135354,111.10594460584632,-111.10594460584632,0.14285714285714285,169.0,144,,0.0,0.0,144,0,08-09,random_forest,point,7d,213,0,7
20.68504178909429,31.64884008818862,0.2009533927350859,-16.661038612590602,20.68504178909429,0.2009533927350859,19.923382267115365,41.635583976681424,-41.134363474492034,0.2857142857142857,169.0,144,0.819672131147541,0.3472222222222222,0.4878048780487805,94,11,08-09,gbm_1d,point,1d,213,0,7
66.38198241779298,88.97266891130026,0.6448952203891297,-63.50437404073762,66.38198241779298,0.6448952203891297,65.94170523576507,109.69131025674353,-109.69131025674353,0.42857142857142855,169.0,144,0.7586206896551724,0.1527777777777778,0.254335260115607,122,7,08-09,gbm,point,7d,213,0,7
52.388540396620414,72.10700209074592,0.5089501409028063,-48.68158846698318,52.388540396620414,0.5089501409028063,52.11387833796122,75.07809458004685,-75.07809458004685,0.14285714285714285,169.0,144,0.7096774193548387,0.1527777777777778,0.25142857142857145,122,9,08-09,gbm_q80,risk,7d,213,0,7
34.617559523809526,56.92346835884124,0.35843271393793724,-0.10267857142857142,34.617559523809526,0.35843271393793724,33.492559523809526,52.142857142857146,0.14285714285714285,0.14285714285714285,170.0,71,0.43661971830985913,0.43661971830985913,0.43661971830985913,40,40,08-16,naive_yesterday,point,1d,220,0,7
9.964285714285714,15.345718341888444,0.10317093463991864,6.354166666666667,9.964285714285714,0.10317093463991864,8.452380952380953,15.0,14.428571428571429,0.42857142857142855,170.0,71,0.45390070921985815,0.9014084507042254,0.6037735849056605,7,77,08-16,naive_lastweek,point,7d,220,0,7
19.692304690258798,26.43646305656714,0.20389554639077243,0.1008596101874654,19.692304690258798,0.20389554639077243,19.28642017571883,24.627004542083796,-12.635933113512369,0.14285714285714285,170.0,71,0.4,0.08450704225352113,0.13953488372093023,65,9,08-16,profile_mean,point,7d,220,0,7
7.747912774898223,11.295840678040653,0.08022244899589545,0.6561980978176565,7.747912774898223,0.08022244899589545,6.6410745583278,11.806525987997858,-11.806525987997858,0.14285714285714285,170.0,71,0.5833333333333334,0.09859154929577464,0.1686746987951807,64,5,08-16,random_forest,point,7d,220,0,7
13.809222451817726,19.370845185212133,0.1429816875846894,-2.191761929963054,13.809222451817726,0.1429816875846894,12.786855410059834,20.473285628021888,-18.33270390479075,0.0,170.0,71,0.47058823529411764,0.11267605633802817,0.18181818181818182,63,9,08-16,gbm_1d,point,1d,220,0,7
8.051059089278297,11.931916993148684,0.08336124785052873,0.8944647005533904,8.051059089278297,0.08336124785052873,6.922854122539259,10.173139540601523,-9.950366469124235,0.2857142857142857,170.0,71,0.525,0.29577464788732394,0.37837837837837845,50,19,08-16,gbm,point,7d,220,0,7
12.867009852067374,17.369851032640376,0.13322595021092226,11.051877334850705,12.867009852067374,0.13322595021092226,12.077431853262269,8.910260862966915,2.754759089384634,0.2857142857142857,170.0,71,0.4247787610619469,0.676056338028169,0.5217391304347826,23,65,08-16,gbm_q80,risk,7d,220,0,7
