trial,state,seconds,num_leaves,min_child_samples,subsample,colsample_bytree,reg_lambda,min_split_gain,n_estimators,cv_mae,fold_mae
0,complete,16.3,31,20,0.8,0.8,1.0,0.0,700.0,17.02667228167456,"[14.566, 22.388, 14.225, 11.185, 20.34, 25.688, 9.96]"
1,complete,25.8,33,263,0.8659969709057025,0.7993292420985183,0.004994757081068292,0.07799726016810132,700.0,18.334057755973443,"[12.209, 23.357, 13.769, 14.852, 27.625, 24.436, 11.592]"
2,complete,15.1,16,208,0.8005575058716043,0.8540362888980227,0.0012364007986687944,0.48495492608099716,100.0,17.992451875737217,"[12.793, 21.883, 15.041, 11.875, 27.441, 25.19, 10.849]"
3,complete,44.1,89,35,0.5909124836035503,0.5917022549267169,0.023021277110080198,0.2623782158161189,1500.0,17.936920883940232,"[15.465, 21.695, 12.916, 12.52, 29.441, 21.203, 11.543]"
4,complete,23.9,37,43,0.8059264473611898,0.569746930326021,0.02032202659636255,0.18318092164684585,500.0,17.580150833867098,"[15.88, 21.236, 12.726, 11.985, 29.677, 20.726, 10.032]"
5,complete,32.5,39,167,0.5998368910791798,0.7571172192068059,0.4490677404109781,0.023225206359998862,100.0,18.93217993398345,"[11.414, 24.499, 14.365, 13.513, 29.212, 27.526, 11.223]"
6,complete,38.6,54,31,0.5325257964926398,0.9744427686266666,21.04998058047481,0.40419867405823057,300.0,18.140252112644166,"[17.891, 19.635, 16.393, 10.838, 27.385, 24.136, 9.66]"
7,complete,18.7,28,25,0.8421165132560784,0.7200762468698007,0.0035186816415472676,0.2475884550556351,300.0,16.981407880379326,"[14.046, 22.94, 14.654, 11.446, 21.191, 21.941, 11.86]"
8,complete,15.5,16,234,0.6293899908000085,0.831261142176991,0.02486384467554937,0.2600340105889054,100.0,17.747115492181237,"[12.002, 20.772, 14.222, 12.942, 30.109, 22.537, 10.959]"
9,pruned,15.6,48,32,0.9847923138822793,0.8875664116805573,16.078690668199,0.4474136752138244,,,null
10,complete,16.3,20,46,0.873623029960968,0.7138849867700178,0.018570962092289322,0.30866613048654046,1000.0,17.222005445196675,"[15.345, 22.327, 13.998, 11.106, 20.756, 25.478, 10.669]"
11,pruned,7.2,25,42,0.8001538294854368,0.7957587419754011,1.251901038558232,0.01064222594703762,,,null
12,complete,17.7,26,22,0.849849909361276,0.8445545194404533,0.0013941670708652709,0.03763317744268904,300.0,16.998961752382286,"[14.303, 22.458, 15.396, 10.388, 23.266, 21.003, 11.234]"
13,complete,13.5,16,23,0.8674501912332678,0.7095344656635527,0.001671449242999392,0.05321411762228606,1000.0,18.456379459315272,"[15.268, 25.565, 16.939, 12.054, 24.354, 24.387, 9.713]"
14,complete,19.6,30,33,0.818728534120726,0.879348321769208,0.021232234319162734,0.16387428987207994,700.0,16.6823932959209,"[15.05, 21.961, 15.225, 10.838, 20.705, 21.812, 10.35]"
15,complete,24.0,44,29,0.9184885093356442,0.7402882349646032,0.0020861659690676066,0.11245669004167147,500.0,17.11078896539965,"[15.508, 22.672, 13.586, 11.076, 21.211, 24.579, 10.283]"
16,complete,21.9,37,30,0.8634316960378551,0.9308521766992794,0.09175060233363577,0.07112712010659616,300.0,17.217327532203807,"[15.092, 20.376, 15.236, 10.785, 21.092, 26.628, 10.394]"
17,complete,14.2,18,29,0.7167538951588679,0.7753194175478203,0.1108800295802362,0.17297384005836536,1000.0,17.731626886506152,"[15.656, 22.8, 16.348, 10.341, 23.374, 23.259, 11.288]"
18,complete,21.4,34,42,0.801879312656442,0.9837182417326966,0.03027918352014804,0.1572922650192705,200.0,17.873740754380304,"[16.907, 19.934, 14.4, 10.846, 23.353, 27.264, 11.408]"
19,complete,18.3,32,25,0.7678165595734875,0.7949711693547687,0.05646058873880469,0.1201801568153594,700.0,16.917413695017917,"[15.068, 21.851, 14.2, 10.633, 22.604, 23.309, 9.859]"
20,complete,22.9,40,39,0.7881516861131277,0.7206700235991622,0.17676486536773878,0.14833873644009116,700.0,17.36215397011417,"[15.797, 23.282, 13.229, 12.058, 21.473, 23.902, 11.037]"
21,complete,18.5,30,23,0.8360869423048248,0.7831891404358464,0.33646709968784805,0.15842393497002108,700.0,16.805029192953125,"[14.951, 22.956, 14.048, 10.768, 20.621, 22.233, 11.195]"
22,complete,24.0,47,24,0.8119549882889301,0.8033284588817751,0.05196529395443812,0.15231052073811063,2000.0,17.075565727058873,"[15.305, 23.217, 13.521, 11.32, 20.982, 24.613, 9.749]"
23,pruned,11.4,30,43,0.8193056849220651,0.8736962317770633,0.3154099130164084,0.1913771653100494,,,null
24,complete,18.2,29,22,0.7519030211184534,0.8176191952315605,0.007900572024918427,0.11000886539666445,300.0,16.701221071459102,"[14.995, 22.133, 15.155, 10.514, 18.602, 24.053, 10.573]"
25,complete,18.9,29,27,0.8499492700362642,0.8295278653201175,2.5506344396295813,0.11721719909443168,700.0,16.538836572887003,"[14.85, 23.061, 14.667, 10.632, 19.494, 21.449, 10.775]"
26,complete,16.8,23,41,0.8195943343000058,0.8871792562113071,0.0010890167764082263,0.1692003200051334,500.0,17.56126344597237,"[15.845, 23.816, 15.419, 10.298, 22.884, 22.575, 11.053]"
27,complete,11.2,21,38,0.7963150728413189,0.8959839040031252,0.014680127622644711,0.1979278230312245,1000.0,18.095012706286067,"[15.992, 25.071, 15.641, 10.331, 22.574, 24.583, 11.363]"
28,complete,11.2,23,24,0.7292670008397107,0.751989292583394,0.006703970293182192,0.034037699480741895,500.0,17.10327619654792,"[14.978, 23.105, 15.415, 10.44, 20.861, 22.82, 11.153]"
29,complete,22.8,39,34,0.9005020624130365,0.8909520121714629,3.85240362778611,0.14334511286875778,500.0,17.516383826620274,"[15.387, 19.944, 14.135, 11.462, 22.232, 28.186, 10.404]"
30,complete,21.4,37,20,0.782653898001825,0.9209644805162367,0.01655635122773615,0.11450314733544441,1500.0,17.34446713487922,"[15.333, 20.626, 14.783, 10.741, 20.295, 28.155, 10.535]"
31,complete,18.4,29,32,0.7570380488477246,0.8239657005603405,0.0025713088918071655,0.05436814550498889,500.0,17.39133240906212,"[14.98, 22.781, 14.804, 10.571, 22.526, 23.357, 11.747]"
32,complete,16.9,24,22,0.8567110759585822,0.7716280177736755,3.4400192443921145,0.14089780021075957,300.0,17.32953679679622,"[15.728, 23.239, 14.121, 10.132, 22.377, 23.94, 10.742]"
33,complete,20.1,32,28,0.8240229005540108,0.8338069832949139,1.5248488480755769,0.10980445729221798,200.0,16.343552703976755,"[15.161, 21.641, 14.408, 10.298, 17.268, 23.663, 11.1]"
34,complete,20.4,34,21,0.8028510295198068,0.8375566675903436,0.0018613854518552658,0.12466226875886632,500.0,17.610958807556454,"[15.355, 22.525, 14.072, 10.464, 22.241, 26.024, 11.575]"
35,complete,19.2,29,31,0.8853407743459942,0.8444954773471807,0.25603090654084126,0.18749730667147027,500.0,17.1774224915671,"[14.871, 22.651, 15.105, 10.227, 21.038, 24.384, 10.972]"
36,pruned,10.0,26,25,0.8639895875357431,0.8252809577714856,1.9333989088171573,0.048325227303861185,,,null
37,complete,23.3,41,25,0.8264325227511586,0.8875652203884726,2.3629225504842175,0.17606439213954792,1500.0,17.4448226680238,"[16.072, 22.203, 14.799, 10.99, 21.061, 25.365, 10.701]"
38,complete,15.9,23,27,0.6644098401749166,0.8186828869416054,0.01817454280003382,0.10411533603572087,700.0,17.267676167502543,"[14.603, 23.644, 15.332, 10.381, 22.517, 22.606, 10.809]"
39,complete,22.9,40,27,0.846540722684772,0.7949018477912606,0.6823450096104201,0.11631528354550152,2000.0,17.116494935311156,"[15.224, 22.672, 13.227, 11.107, 22.184, 24.157, 10.386]"
40,pruned,9.7,25,33,0.8230302418886578,0.8240212130757862,1.7411721350927063,0.13459416737972096,,,null
41,complete,19.4,31,28,0.841888771814674,0.7669836597534505,0.3194489540071565,0.15700329631402085,500.0,16.929435079306696,"[14.108, 22.236, 14.409, 10.369, 21.708, 23.41, 11.329]"
42,complete,17.3,25,21,0.8098857395695775,0.8334010641933692,0.6374159703334865,0.10309064218367983,200.0,17.171926865244277,"[14.679, 23.034, 15.42, 10.225, 20.656, 24.827, 10.371]"
43,complete,17.1,29,33,0.7969068867070386,0.8079496311491167,0.34447935200793145,0.03509416071160609,700.0,17.19916256503301,"[15.574, 23.402, 14.039, 10.907, 21.868, 23.472, 10.233]"
44,complete,16.7,25,33,0.838304534642061,0.7955743948655387,0.16699213697796117,0.10372521157037165,700.0,16.75089469772422,"[15.167, 23.747, 13.821, 10.301, 20.163, 23.011, 10.125]"
45,complete,19.4,33,24,0.8888848716215969,0.7740322580589853,0.55361644496478,0.08848397181225358,300.0,17.165597931821285,"[14.271, 22.533, 13.582, 10.38, 21.852, 24.799, 11.772]"
46,complete,20.6,36,23,0.7536536783103814,0.7793985088530082,3.252433080818904,0.12851898859369412,200.0,17.03199809357403,"[15.172, 22.1, 13.543, 10.528, 19.086, 27.056, 10.81]"
47,complete,18.6,27,39,0.8518638091237466,0.8146793039158087,0.3751476575400666,0.0799338635249025,1500.0,17.26114522461226,"[16.002, 24.065, 14.485, 10.637, 21.163, 22.357, 11.171]"
48,complete,18.5,27,31,0.8008445175901451,0.8153231192445047,6.760624486658505,0.0807698303519023,1500.0,17.539281419792847,"[15.973, 23.642, 15.055, 10.608, 22.717, 23.022, 10.768]"
49,complete,17.1,25,24,0.816687381148235,0.8010198740437688,0.0035685544128354566,0.11971259315217099,700.0,17.430985929490152,"[14.931, 24.017, 14.484, 11.031, 23.485, 22.262, 10.892]"
50,complete,18.5,27,29,0.7866341823991788,0.8416625713645763,6.714726644832499,0.17986783412122775,300.0,16.959321721951074,"[15.551, 23.021, 15.191, 10.226, 20.643, 22.64, 10.481]"
51,complete,18.6,27,33,0.8467895330195022,0.7586369076960265,0.6633689093527342,0.12517807595737504,300.0,16.859150083536623,"[14.044, 22.158, 13.774, 10.301, 21.758, 24.146, 10.895]"
52,complete,19.0,28,36,0.7822893283699994,0.8581313474244974,4.457546653837158,0.11085610652109426,500.0,17.685969460343944,"[15.851, 22.903, 14.631, 10.883, 24.359, 23.62, 10.584]"
53,complete,16.3,23,21,0.7668997887384206,0.8538807013342663,0.0028404690553139804,0.17204428203286226,700.0,17.353278848552534,"[14.578, 22.526, 15.928, 11.056, 22.914, 23.002, 10.569]"
54,complete,17.9,26,31,0.8717871447565636,0.7537903680048101,1.8207599300164137,0.09750592613417843,700.0,17.48173724751675,"[16.284, 22.691, 14.937, 11.035, 20.164, 25.612, 10.728]"
55,complete,13.6,23,29,0.7933371611395198,0.8328453483124623,0.05969421201895905,0.10007230518278602,500.0,17.113118963237017,"[14.816, 23.609, 15.672, 10.609, 19.962, 22.876, 11.318]"
56,complete,19.6,30,28,0.8196675442788887,0.750354392968475,1.3343236036606172,0.08007432728540151,700.0,16.958812530931933,"[14.799, 22.556, 13.969, 10.409, 24.2, 21.091, 10.752]"
57,complete,22.2,35,32,0.8448029877767324,0.8117521787165439,0.5897030147674871,0.1624933869978749,700.0,16.747771456561278,"[15.748, 21.667, 14.163, 10.473, 22.52, 22.103, 9.663]"
58,complete,20.8,33,30,0.8503263228086752,0.9104993337191581,1.7439022722722883,0.10023950798775019,300.0,16.802511393819337,"[15.451, 19.329, 15.548, 11.264, 19.709, 25.359, 10.167]"
59,complete,22.3,36,34,0.8225437276971973,0.8077793826218053,2.1047060219386755,0.08798026681083834,700.0,17.331562783390105,"[14.849, 22.307, 13.915, 10.824, 22.882, 25.525, 10.09]"
